Creencia_Riesgo,Plausibilidad_Riesgo,Probabilidad_Pignistica_Riesgo,Creencia_Impacto,Plausibilidad_Impacto,Probabilidad_Pignistica_Impacto,Creencia_Probabilidad,Plausibilidad_Probabilidad,Probabilidad_Pignistica_Probabilidad
0.0,0.0,{{'a'}:0.9209876543209876; {'b'}:0.012345679012345678; {'j'}:0.012345679012345678; {'l'}:0.012345679012345678; {'t'}:0.012345679012345678; {'e'}:0.007407407407407407; {'i'}:0.007407407407407407; {'d'}:0.007407407407407407; {'m'}:0.007407407407407407},0.0,0.0,{{'a'}:0.9209876543209876; {'b'}:0.012345679012345678; {'j'}:0.012345679012345678; {'l'}:0.012345679012345678; {'t'}:0.012345679012345678; {'e'}:0.007407407407407407; {'i'}:0.007407407407407407; {'d'}:0.007407407407407407; {'m'}:0.007407407407407407},0.0,0.0,{{'a'}:0.9209876543209876; {'b'}:0.012345679012345678; {'j'}:0.012345679012345678; {'l'}:0.012345679012345678; {'t'}:0.012345679012345678; {'e'}:0.007407407407407407; {'i'}:0.007407407407407407; {'d'}:0.007407407407407407; {'m'}:0.007407407407407407}
