Creencia,Plausibilidad,Probabilidad_Pignistica
0.0,0.0,{{'l'}:0.3333333333333333; {'t'}:0.3333333333333333; {'a'}:0.3333333333333333}
