Riesgo_Discrepancia,Impacto_Potencial,Probabilidad_Ocurrencia
1.6666666666666665,1.6666666666666665,1.6666666666666665
